endpoint	path
/api/auth/login	api_security.py
/api/auth/register	api_security.py
/api/imports/commit	api_security.py
/api/imports/preview	api_security.py
/api/toa-capture/analyze	api_security.py
/api/toa/v1/contracts/	api_security.py
/api/auth/bootstrap	app.py
/api/auth/login	app.py
/api/auth/logout	app.py
/api/auth/pending-count	app.py
/api/auth/register	app.py
/api/auth/session	app.py
/api/auth/users	app.py
/api/auth/users/(\d+)/approve	app.py
/api/auth/users/(\d+)/imperium-identity	app.py
/api/auth/users/(\d+)/reject	app.py
/api/close-report	app.py
/api/close-report.xlsx	app.py
/api/close-report/export.xlsx	app.py
/api/disconnect-automation	app.py
/api/disconnect-automation/	app.py
/api/failures	app.py
/api/health-check	app.py
/api/imperium-official/	app.py
/api/imperium-official/session	app.py
/api/imperium-official/stocks	app.py
/api/imperium-official/stocks/(\d+)/items	app.py
/api/import-history	app.py
/api/import-targets	app.py
/api/imports/commit	app.py
/api/imports/preview	app.py
/api/intelligence	app.py
/api/intelligence/report.pdf	app.py
/api/intelligence/serial-audit	app.py
/api/logs	app.py
/api/monitor/snapshot	app.py
/api/monitor/snapshot/clear	app.py
/api/operational/contracts	app.py
/api/operational/contracts/(\d{5	app.py
/api/operational/export.json	app.py
/api/orders	app.py
/api/orders/(\d+)/close	app.py
/api/orders/(\d+)/installer	app.py
/api/orders/(\d+)/installer-change-preview	app.py
/api/orders/(\d+)/material-inventory	app.py
/api/orders/(\d+)/material-paste	app.py
/api/orders/(\d+)/move-installer	app.py
/api/orders/(\d+)/serialized-transfer-preview	app.py
/api/orders/(\d+)/transfer-serial	app.py
/api/orders/bulk-create	app.py
/api/profiles	app.py
/api/status	app.py
/api/stock	app.py
/api/stock/batch	app.py
/api/stock/pdf/batch	app.py
/api/stock/serial-owner	app.py
/api/stock/technicians	app.py
/api/stock/writeoff	app.py
/api/technicians	app.py
/api/toa-agenda/import	app.py
/api/toa-automation	app.py
/api/toa-automation/run	app.py
/api/toa-capture/analyze	app.py
/api/toa-capture/lots	app.py
/api/toa-contracts	app.py
/api/toa-datalake/collect-now	app.py
/api/toa-datalake/detail-queue	app.py
/api/toa-datalake/feed	app.py
/api/toa-datalake/ingest	app.py
/api/toa-datalake/records/	app.py
/api/toa-datalake/records/(\d{5	app.py
/api/toa-datalake/status	app.py
/api/toa-live/connect	app.py
/api/toa-live/lookup	app.py
/api/toa-live/status	app.py
/api/toa/v1/contracts/(\d{5	app.py
/api/toa/v1/openapi.json	app.py
/api/toa/v1/status	app.py
/api/voice/status	app.py
/api/voice/synthesize	app.py
/api/analyze	flow_reader/server.py
/api/health	flow_reader/server.py
/api/analyze	flow_reader/static/app.js
/api/toa-automation	patch_remote_toa.py
/api/toa-automation/run	patch_remote_toa.py
/api/operational/export.json	static/index.html
/api/auth/login	tests/test_api_security.py
/api/auth/register	tests/test_api_security.py
/api/imperium-official/session?profile=natal	tests/test_app.py
/api/imperium-official/stocks/77/items?profile=natal	tests/test_app.py
/api/imperium-official/stocks?profile=natal	tests/test_app.py
/api/orders/2207229/material-inventory?profile=natal	tests/test_app.py
/api/orders/{order.id_os}/close?profile=natal	tests/test_app.py
/api/orders/1837422/close?profile=natal	tests/test_installer_reassignment.py
/api/auth/bootstrap	tests/test_web_auth_config.py
/api/auth/session	tests/test_web_auth_config.py
/api/logs	tests/test_web_auth_config.py
