import	path
__future__	api_security.py
collections	api_security.py
dataclasses	api_security.py
os	api_security.py
re	api_security.py
threading	api_security.py
time	api_security.py
typing	api_security.py
urllib	api_security.py
api_security	app.py
argparse	app.py
auth_store	app.py
auth_store_postgres	app.py
base64	app.py
bulk_orders	app.py
close_report	app.py
close_report_excel	app.py
collections	app.py
csv	app.py
dataclasses	app.py
datasnap_client	app.py
datetime	app.py
difflib	app.py
disconnect_automation	app.py
edge_voice	app.py
hashlib	app.py
hmac	app.py
http	app.py
imperium_api	app.py
imperium_http_api	app.py
ipaddress	app.py
json	app.py
logging	app.py
mimetypes	app.py
official_close	app.py
operation_scope	app.py
operational_store	app.py
operations_intelligence	app.py
os	app.py
pathlib	app.py
re	app.py
secrets	app.py
serialized_transfer	app.py
socket	app.py
stock_pdf	app.py
supabase_auth_store	app.py
technician_directory	app.py
threading	app.py
time	app.py
toa_agenda	app.py
toa_automation	app.py
toa_bridge_server	app.py
toa_capture_panel	app.py
toa_connector	app.py
toa_context	app.py
toa_contract_registry	app.py
toa_datalake_store	app.py
toa_import	app.py
toa_inventory	app.py
toa_local_collector	app.py
toa_secondary_session	app.py
unicodedata	app.py
urllib	app.py
webbrowser	app.py
__future__	auth_store.py
base64	auth_store.py
contextlib	auth_store.py
datetime	auth_store.py
hashlib	auth_store.py
hmac	auth_store.py
json	auth_store.py
pathlib	auth_store.py
re	auth_store.py
secrets	auth_store.py
sqlite3	auth_store.py
threading	auth_store.py
typing	auth_store.py
__future__	auth_store_postgres.py
auth_store	auth_store_postgres.py
contextlib	auth_store_postgres.py
datetime	auth_store_postgres.py
hashlib	auth_store_postgres.py
hmac	auth_store_postgres.py
json	auth_store_postgres.py
psycopg	auth_store_postgres.py
re	auth_store_postgres.py
secrets	auth_store_postgres.py
typing	auth_store_postgres.py
datetime	bulk_orders.py
pathlib	bulk_orders.py
re	bulk_orders.py
toa_import	bulk_orders.py
argparse	cancel_all_open.py
collections	cancel_all_open.py
datetime	cancel_all_open.py
imperium_api	cancel_all_open.py
json	cancel_all_open.py
pathlib	cancel_all_open.py
time	cancel_all_open.py
__future__	close_report.py
datetime	close_report.py
json	close_report.py
os	close_report.py
pathlib	close_report.py
threading	close_report.py
typing	close_report.py
uuid	close_report.py
__future__	close_report_excel.py
datetime	close_report_excel.py
io	close_report_excel.py
openpyxl	close_report_excel.py
typing	close_report_excel.py
datasnap_client	configurar_toa_credenciais.py
getpass	configurar_toa_credenciais.py
pathlib	configurar_toa_credenciais.py
__future__	configure_toa_cloud_bridge.py
argparse	configure_toa_cloud_bridge.py
datasnap_client	configure_toa_cloud_bridge.py
getpass	configure_toa_cloud_bridge.py
json	configure_toa_cloud_bridge.py
os	configure_toa_cloud_bridge.py
pathlib	configure_toa_cloud_bridge.py
ctypes	datasnap_client.py
json	datasnap_client.py
pathlib	datasnap_client.py
re	datasnap_client.py
socket	datasnap_client.py
typing	datasnap_client.py
copy	disconnect_automation.py
datetime	disconnect_automation.py
json	disconnect_automation.py
pathlib	disconnect_automation.py
re	disconnect_automation.py
threading	disconnect_automation.py
typing	disconnect_automation.py
uuid	disconnect_automation.py
__future__	edge_voice.py
asyncio	edge_voice.py
collections	edge_voice.py
edge_tts	edge_voice.py
hashlib	edge_voice.py
importlib	edge_voice.py
threading	edge_voice.py
analyzer	flow_reader/__init__.py
__future__	flow_reader/analyzer.py
base64	flow_reader/analyzer.py
collections	flow_reader/analyzer.py
dataclasses	flow_reader/analyzer.py
datetime	flow_reader/analyzer.py
hashlib	flow_reader/analyzer.py
io	flow_reader/analyzer.py
ipaddress	flow_reader/analyzer.py
pathlib	flow_reader/analyzer.py
re	flow_reader/analyzer.py
struct	flow_reader/analyzer.py
typing	flow_reader/analyzer.py
zipfile	flow_reader/analyzer.py
__future__	flow_reader/server.py
api_security	flow_reader/server.py
argparse	flow_reader/server.py
flow_reader	flow_reader/server.py
http	flow_reader/server.py
json	flow_reader/server.py
logging	flow_reader/server.py
mimetypes	flow_reader/server.py
os	flow_reader/server.py
pathlib	flow_reader/server.py
secrets	flow_reader/server.py
threading	flow_reader/server.py
urllib	flow_reader/server.py
webbrowser	flow_reader/server.py
zipfile	flow_reader/server.py
base64	imperium_api.py
csv	imperium_api.py
dataclasses	imperium_api.py
datasnap_client	imperium_api.py
datetime	imperium_api.py
decimal	imperium_api.py
difflib	imperium_api.py
html	imperium_api.py
installer_change	imperium_api.py
json	imperium_api.py
logging	imperium_api.py
manual_materials	imperium_api.py
manual_orders	imperium_api.py
material_matching	imperium_api.py
native_orders	imperium_api.py
pathlib	imperium_api.py
re	imperium_api.py
serialized_transfer	imperium_api.py
socket	imperium_api.py
stock_inventory	imperium_api.py
struct	imperium_api.py
threading	imperium_api.py
time	imperium_api.py
toa_import	imperium_api.py
typing	imperium_api.py
unicodedata	imperium_api.py
argparse	imperium_http_api.py
base64	imperium_http_api.py
dataclasses	imperium_http_api.py
datasnap_client	imperium_http_api.py
datetime	imperium_http_api.py
decimal	imperium_http_api.py
json	imperium_http_api.py
pathlib	imperium_http_api.py
re	imperium_http_api.py
secrets	imperium_http_api.py
socket	imperium_http_api.py
threading	imperium_http_api.py
time	imperium_http_api.py
typing	imperium_http_api.py
urllib	imperium_http_api.py
datetime	imperium_http_plan.py
hashlib	imperium_http_plan.py
imperium_http_api	imperium_http_plan.py
json	imperium_http_plan.py
typing	imperium_http_plan.py
unicodedata	imperium_http_plan.py
argparse	import_technicians_xlsx.py
datetime	import_technicians_xlsx.py
json	import_technicians_xlsx.py
pandas	import_technicians_xlsx.py
pathlib	import_technicians_xlsx.py
re	import_technicians_xlsx.py
unicodedata	import_technicians_xlsx.py
base64	installer_change.py
datasnap_client	installer_change.py
json	installer_change.py
pathlib	installer_change.py
struct	installer_change.py
typing	installer_change.py
dataclasses	manual_materials.py
datasnap_client	manual_materials.py
decimal	manual_materials.py
re	manual_materials.py
struct	manual_materials.py
base64	manual_orders.py
datetime	manual_orders.py
json	manual_orders.py
native_orders	manual_orders.py
pathlib	manual_orders.py
re	manual_orders.py
struct	manual_orders.py
collections	material_matching.py
decimal	material_matching.py
re	material_matching.py
typing	material_matching.py
unicodedata	material_matching.py
base64	native_orders.py
dataclasses	native_orders.py
datetime	native_orders.py
json	native_orders.py
pathlib	native_orders.py
re	native_orders.py
struct	native_orders.py
unicodedata	native_orders.py
__future__	official_candidate_locator.py
dataclasses	official_candidate_locator.py
json	official_candidate_locator.py
pathlib	official_candidate_locator.py
typing	official_candidate_locator.py
datetime	official_close.py
hashlib	official_close.py
imperium_http_api	official_close.py
json	official_close.py
material_matching	official_close.py
re	official_close.py
typing	official_close.py
argparse	official_close_code_catalog.py
hashlib	official_close_code_catalog.py
json	official_close_code_catalog.py
pathlib	official_close_code_catalog.py
pdfplumber	official_close_code_catalog.py
re	official_close_code_catalog.py
argparse	official_close_code_reconciliation.py
collections	official_close_code_reconciliation.py
copy	official_close_code_reconciliation.py
hashlib	official_close_code_reconciliation.py
json	official_close_code_reconciliation.py
official_close_code_catalog	official_close_code_reconciliation.py
openpyxl	official_close_code_reconciliation.py
pathlib	official_close_code_reconciliation.py
re	official_close_code_reconciliation.py
unicodedata	official_close_code_reconciliation.py
argparse	official_close_dry_run.py
copy	official_close_dry_run.py
datetime	official_close_dry_run.py
decimal	official_close_dry_run.py
hashlib	official_close_dry_run.py
json	official_close_dry_run.py
pathlib	official_close_dry_run.py
re	official_close_dry_run.py
typing	official_close_dry_run.py
unicodedata	official_close_dry_run.py
__future__	official_close_sender.py
argparse	official_close_sender.py
contextlib	official_close_sender.py
dataclasses	official_close_sender.py
datetime	official_close_sender.py
hashlib	official_close_sender.py
hmac	official_close_sender.py
http	official_close_sender.py
json	official_close_sender.py
official_close_dry_run	official_close_sender.py
os	official_close_sender.py
pathlib	official_close_sender.py
re	official_close_sender.py
typing	official_close_sender.py
uuid	official_close_sender.py
__future__	official_close_toa_dry_run.py
argparse	official_close_toa_dry_run.py
copy	official_close_toa_dry_run.py
datetime	official_close_toa_dry_run.py
decimal	official_close_toa_dry_run.py
hashlib	official_close_toa_dry_run.py
json	official_close_toa_dry_run.py
material_matching	official_close_toa_dry_run.py
official_close_dry_run	official_close_toa_dry_run.py
pathlib	official_close_toa_dry_run.py
re	official_close_toa_dry_run.py
toa_capture	official_close_toa_dry_run.py
typing	official_close_toa_dry_run.py
unicodedata	official_close_toa_dry_run.py
argparse	official_material_catalog.py
collections	official_material_catalog.py
dataclasses	official_material_catalog.py
datetime	official_material_catalog.py
decimal	official_material_catalog.py
hashlib	official_material_catalog.py
json	official_material_catalog.py
openpyxl	official_material_catalog.py
pathlib	official_material_catalog.py
re	official_material_catalog.py
typing	official_material_catalog.py
unicodedata	official_material_catalog.py
__future__	official_material_resolver.py
copy	official_material_resolver.py
dataclasses	official_material_resolver.py
decimal	official_material_resolver.py
typing	official_material_resolver.py
argparse	official_stock_audit.py
datetime	official_stock_audit.py
decimal	official_stock_audit.py
imperium_api	official_stock_audit.py
json	official_stock_audit.py
official_material_catalog	official_stock_audit.py
pathlib	official_stock_audit.py
typing	official_stock_audit.py
argparse	official_stock_blocker_review.py
hashlib	official_stock_blocker_review.py
json	official_stock_blocker_review.py
pathlib	official_stock_blocker_review.py
typing	official_stock_blocker_review.py
argparse	official_stock_remediation_plan.py
decimal	official_stock_remediation_plan.py
hashlib	official_stock_remediation_plan.py
json	official_stock_remediation_plan.py
pathlib	official_stock_remediation_plan.py
typing	official_stock_remediation_plan.py
argparse	operation_scope.py
dataclasses	operation_scope.py
datetime	operation_scope.py
hashlib	operation_scope.py
json	operation_scope.py
os	operation_scope.py
pathlib	operation_scope.py
re	operation_scope.py
threading	operation_scope.py
typing	operation_scope.py
unicodedata	operation_scope.py
__future__	operational_store.py
contextlib	operational_store.py
datetime	operational_store.py
json	operational_store.py
os	operational_store.py
pathlib	operational_store.py
re	operational_store.py
sqlite3	operational_store.py
threading	operational_store.py
typing	operational_store.py
__future__	operations_intelligence.py
collections	operations_intelligence.py
concurrent	operations_intelligence.py
datetime	operations_intelligence.py
json	operations_intelligence.py
pathlib	operations_intelligence.py
reportlab	operations_intelligence.py
threading	operations_intelligence.py
time	operations_intelligence.py
toa_capture	operations_intelligence.py
typing	operations_intelligence.py
unicodedata	operations_intelligence.py
pathlib	patch_remote_toa.py
__future__	scripts/bootstrap_admin.py
argparse	scripts/bootstrap_admin.py
auth_store	scripts/bootstrap_admin.py
auth_store_postgres	scripts/bootstrap_admin.py
getpass	scripts/bootstrap_admin.py
os	scripts/bootstrap_admin.py
pathlib	scripts/bootstrap_admin.py
supabase_auth_store	scripts/bootstrap_admin.py
sys	scripts/bootstrap_admin.py
__future__	scripts/build_hostinger_frontend.py
datetime	scripts/build_hostinger_frontend.py
hashlib	scripts/build_hostinger_frontend.py
json	scripts/build_hostinger_frontend.py
pathlib	scripts/build_hostinger_frontend.py
shutil	scripts/build_hostinger_frontend.py
zipfile	scripts/build_hostinger_frontend.py
__future__	scripts/build_web_release.py
argparse	scripts/build_web_release.py
ast	scripts/build_web_release.py
datetime	scripts/build_web_release.py
hashlib	scripts/build_web_release.py
json	scripts/build_web_release.py
pathlib	scripts/build_web_release.py
shutil	scripts/build_web_release.py
zipfile	scripts/build_web_release.py
__future__	scripts/check_supabase_ready.py
argparse	scripts/check_supabase_ready.py
os	scripts/check_supabase_ready.py
pathlib	scripts/check_supabase_ready.py
supabase_auth_store	scripts/check_supabase_ready.py
sys	scripts/check_supabase_ready.py
urllib	scripts/check_supabase_ready.py
__future__	scripts/configure_imperium_credentials.py
argparse	scripts/configure_imperium_credentials.py
datasnap_client	scripts/configure_imperium_credentials.py
getpass	scripts/configure_imperium_credentials.py
pathlib	scripts/configure_imperium_credentials.py
sys	scripts/configure_imperium_credentials.py
__future__	scripts/configure_supabase_hosted.py
argparse	scripts/configure_supabase_hosted.py
json	scripts/configure_supabase_hosted.py
os	scripts/configure_supabase_hosted.py
urllib	scripts/configure_supabase_hosted.py
__future__	scripts/generate_agent_context.py
argparse	scripts/generate_agent_context.py
ast	scripts/generate_agent_context.py
datetime	scripts/generate_agent_context.py
hashlib	scripts/generate_agent_context.py
json	scripts/generate_agent_context.py
pathlib	scripts/generate_agent_context.py
re	scripts/generate_agent_context.py
subprocess	scripts/generate_agent_context.py
__future__	scripts/install_agent_context_hooks.py
os	scripts/install_agent_context_hooks.py
pathlib	scripts/install_agent_context_hooks.py
stat	scripts/install_agent_context_hooks.py
__future__	scripts/quality_gate.py
os	scripts/quality_gate.py
pathlib	scripts/quality_gate.py
re	scripts/quality_gate.py
shutil	scripts/quality_gate.py
subprocess	scripts/quality_gate.py
sys	scripts/quality_gate.py
__future__	scripts/query_agent_context.py
argparse	scripts/query_agent_context.py
csv	scripts/query_agent_context.py
dataclasses	scripts/query_agent_context.py
pathlib	scripts/query_agent_context.py
re	scripts/query_agent_context.py
unicodedata	scripts/query_agent_context.py
base64	serialized_transfer.py
datasnap_client	serialized_transfer.py
datetime	serialized_transfer.py
hashlib	serialized_transfer.py
json	serialized_transfer.py
pathlib	serialized_transfer.py
struct	serialized_transfer.py
__future__	show_toa_cloud_collector_setup.py
datasnap_client	show_toa_cloud_collector_setup.py
json	show_toa_cloud_collector_setup.py
pathlib	show_toa_cloud_collector_setup.py
base64	stock_inventory.py
dataclasses	stock_inventory.py
datasnap_client	stock_inventory.py
decimal	stock_inventory.py
json	stock_inventory.py
pathlib	stock_inventory.py
re	stock_inventory.py
struct	stock_inventory.py
__future__	stock_pdf.py
dataclasses	stock_pdf.py
datetime	stock_pdf.py
decimal	stock_pdf.py
re	stock_pdf.py
typing	stock_pdf.py
unicodedata	stock_pdf.py
__future__	supabase_auth_store.py
auth_store	supabase_auth_store.py
datetime	supabase_auth_store.py
hashlib	supabase_auth_store.py
hmac	supabase_auth_store.py
json	supabase_auth_store.py
os	supabase_auth_store.py
re	supabase_auth_store.py
secrets	supabase_auth_store.py
supabase	supabase_auth_store.py
threading	supabase_auth_store.py
typing	supabase_auth_store.py
collections	technician_directory.py
dataclasses	technician_directory.py
json	technician_directory.py
pathlib	technician_directory.py
threading	technician_directory.py
unicodedata	technician_directory.py
api_security	tests/test_api_security.py
json	tests/test_api_security.py
os	tests/test_api_security.py
pathlib	tests/test_api_security.py
re	tests/test_api_security.py
unittest	tests/test_api_security.py
app	tests/test_app.py
bulk_orders	tests/test_app.py
close_report	tests/test_app.py
datetime	tests/test_app.py
imperium_api	tests/test_app.py
imperium_http_api	tests/test_app.py
json	tests/test_app.py
pathlib	tests/test_app.py
tempfile	tests/test_app.py
threading	tests/test_app.py
types	tests/test_app.py
unittest	tests/test_app.py
auth_store	tests/test_auth_store.py
pathlib	tests/test_auth_store.py
tempfile	tests/test_auth_store.py
unittest	tests/test_auth_store.py
pathlib	tests/test_build_web_release.py
scripts	tests/test_build_web_release.py
unittest	tests/test_build_web_release.py
bulk_orders	tests/test_bulk_orders.py
datetime	tests/test_bulk_orders.py
unittest	tests/test_bulk_orders.py
app	tests/test_city_scope_integration.py
datetime	tests/test_city_scope_integration.py
imperium_api	tests/test_city_scope_integration.py
operation_scope	tests/test_city_scope_integration.py
pathlib	tests/test_city_scope_integration.py
tempfile	tests/test_city_scope_integration.py
threading	tests/test_city_scope_integration.py
toa_context	tests/test_city_scope_integration.py
types	tests/test_city_scope_integration.py
unittest	tests/test_city_scope_integration.py
close_report	tests/test_close_report.py
datetime	tests/test_close_report.py
pathlib	tests/test_close_report.py
tempfile	tests/test_close_report.py
unittest	tests/test_close_report.py
__future__	tests/test_close_report_excel.py
close_report_excel	tests/test_close_report_excel.py
datetime	tests/test_close_report_excel.py
io	tests/test_close_report_excel.py
openpyxl	tests/test_close_report_excel.py
unittest	tests/test_close_report_excel.py
scripts	tests/test_configure_imperium_credentials.py
unittest	tests/test_configure_imperium_credentials.py
datetime	tests/test_disconnect_automation.py
disconnect_automation	tests/test_disconnect_automation.py
json	tests/test_disconnect_automation.py
pathlib	tests/test_disconnect_automation.py
tempfile	tests/test_disconnect_automation.py
unittest	tests/test_disconnect_automation.py
edge_voice	tests/test_edge_voice.py
unittest	tests/test_edge_voice.py
decimal	tests/test_equipment_group_matching.py
imperium_api	tests/test_equipment_group_matching.py
pathlib	tests/test_equipment_group_matching.py
struct	tests/test_equipment_group_matching.py
unittest	tests/test_equipment_group_matching.py
flow_reader	tests/test_flow_reader.py
io	tests/test_flow_reader.py
struct	tests/test_flow_reader.py
unittest	tests/test_flow_reader.py
zipfile	tests/test_flow_reader.py
datasnap_client	tests/test_imperium_api.py
decimal	tests/test_imperium_api.py
hashlib	tests/test_imperium_api.py
imperium_api	tests/test_imperium_api.py
struct	tests/test_imperium_api.py
types	tests/test_imperium_api.py
unittest	tests/test_imperium_api.py
imperium_http_api	tests/test_imperium_http_api.py
io	tests/test_imperium_http_api.py
json	tests/test_imperium_http_api.py
socket	tests/test_imperium_http_api.py
unittest	tests/test_imperium_http_api.py
urllib	tests/test_imperium_http_api.py
imperium_http_plan	tests/test_imperium_http_plan.py
unittest	tests/test_imperium_http_plan.py
app	tests/test_import_audit_history.py
datetime	tests/test_import_audit_history.py
json	tests/test_import_audit_history.py
pathlib	tests/test_import_audit_history.py
tempfile	tests/test_import_audit_history.py
types	tests/test_import_audit_history.py
unittest	tests/test_import_audit_history.py
datasnap_client	tests/test_installer_change.py
imperium_api	tests/test_installer_change.py
installer_change	tests/test_installer_change.py
pathlib	tests/test_installer_change.py
struct	tests/test_installer_change.py
types	tests/test_installer_change.py
unittest	tests/test_installer_change.py
app	tests/test_installer_reassignment.py
datasnap_client	tests/test_installer_reassignment.py
datetime	tests/test_installer_reassignment.py
imperium_api	tests/test_installer_reassignment.py
types	tests/test_installer_reassignment.py
unittest	tests/test_installer_reassignment.py
datasnap_client	tests/test_manual_materials.py
decimal	tests/test_manual_materials.py
hashlib	tests/test_manual_materials.py
imperium_api	tests/test_manual_materials.py
manual_materials	tests/test_manual_materials.py
struct	tests/test_manual_materials.py
unittest	tests/test_manual_materials.py
decimal	tests/test_material_matching.py
imperium_api	tests/test_material_matching.py
material_matching	tests/test_material_matching.py
unittest	tests/test_material_matching.py
datasnap_client	tests/test_material_writeoff.py
decimal	tests/test_material_writeoff.py
hashlib	tests/test_material_writeoff.py
imperium_api	tests/test_material_writeoff.py
pathlib	tests/test_material_writeoff.py
struct	tests/test_material_writeoff.py
unittest	tests/test_material_writeoff.py
base64	tests/test_native_orders.py
bulk_orders	tests/test_native_orders.py
datetime	tests/test_native_orders.py
imperium_api	tests/test_native_orders.py
json	tests/test_native_orders.py
manual_orders	tests/test_native_orders.py
native_orders	tests/test_native_orders.py
pathlib	tests/test_native_orders.py
struct	tests/test_native_orders.py
threading	tests/test_native_orders.py
unittest	tests/test_native_orders.py
datetime	tests/test_official_close.py
official_close	tests/test_official_close.py
types	tests/test_official_close.py
unittest	tests/test_official_close.py
ast	tests/test_official_close_code_catalog.py
json	tests/test_official_close_code_catalog.py
official_close_code_catalog	tests/test_official_close_code_catalog.py
pathlib	tests/test_official_close_code_catalog.py
unittest	tests/test_official_close_code_catalog.py
ast	tests/test_official_close_code_reconciliation.py
copy	tests/test_official_close_code_reconciliation.py
json	tests/test_official_close_code_reconciliation.py
official_close_code_reconciliation	tests/test_official_close_code_reconciliation.py
openpyxl	tests/test_official_close_code_reconciliation.py
pathlib	tests/test_official_close_code_reconciliation.py
tempfile	tests/test_official_close_code_reconciliation.py
unittest	tests/test_official_close_code_reconciliation.py
app	tests/test_official_close_codes.py
imperium_api	tests/test_official_close_codes.py
unittest	tests/test_official_close_codes.py
copy	tests/test_official_close_dry_run.py
inspect	tests/test_official_close_dry_run.py
json	tests/test_official_close_dry_run.py
official_close_dry_run	tests/test_official_close_dry_run.py
unittest	tests/test_official_close_dry_run.py
contextlib	tests/test_official_close_sender.py
copy	tests/test_official_close_sender.py
inspect	tests/test_official_close_sender.py
io	tests/test_official_close_sender.py
json	tests/test_official_close_sender.py
official_close_sender	tests/test_official_close_sender.py
os	tests/test_official_close_sender.py
pathlib	tests/test_official_close_sender.py
subprocess	tests/test_official_close_sender.py
sys	tests/test_official_close_sender.py
tempfile	tests/test_official_close_sender.py
unittest	tests/test_official_close_sender.py
ast	tests/test_official_close_toa_dry_run.py
copy	tests/test_official_close_toa_dry_run.py
hashlib	tests/test_official_close_toa_dry_run.py
inspect	tests/test_official_close_toa_dry_run.py
json	tests/test_official_close_toa_dry_run.py
official_close_dry_run	tests/test_official_close_toa_dry_run.py
official_close_toa_dry_run	tests/test_official_close_toa_dry_run.py
pathlib	tests/test_official_close_toa_dry_run.py
tempfile	tests/test_official_close_toa_dry_run.py
unittest	tests/test_official_close_toa_dry_run.py
hashlib	tests/test_official_material_catalog.py
importlib	tests/test_official_material_catalog.py
json	tests/test_official_material_catalog.py
official_material_catalog	tests/test_official_material_catalog.py
openpyxl	tests/test_official_material_catalog.py
pathlib	tests/test_official_material_catalog.py
socket	tests/test_official_material_catalog.py
sys	tests/test_official_material_catalog.py
tempfile	tests/test_official_material_catalog.py
unittest	tests/test_official_material_catalog.py
ast	tests/test_official_stock_audit.py
copy	tests/test_official_stock_audit.py
inspect	tests/test_official_stock_audit.py
official_material_catalog	tests/test_official_stock_audit.py
official_stock_audit	tests/test_official_stock_audit.py
unittest	tests/test_official_stock_audit.py
ast	tests/test_official_stock_blocker_review.py
copy	tests/test_official_stock_blocker_review.py
inspect	tests/test_official_stock_blocker_review.py
official_stock_blocker_review	tests/test_official_stock_blocker_review.py
unittest	tests/test_official_stock_blocker_review.py
ast	tests/test_official_stock_remediation_plan.py
copy	tests/test_official_stock_remediation_plan.py
json	tests/test_official_stock_remediation_plan.py
official_stock_remediation_plan	tests/test_official_stock_remediation_plan.py
pathlib	tests/test_official_stock_remediation_plan.py
tempfile	tests/test_official_stock_remediation_plan.py
unittest	tests/test_official_stock_remediation_plan.py
decimal	tests/test_offline_candidate_and_resolver.py
official_candidate_locator	tests/test_offline_candidate_and_resolver.py
official_material_resolver	tests/test_offline_candidate_and_resolver.py
unittest	tests/test_offline_candidate_and_resolver.py
concurrent	tests/test_operation_scope.py
hashlib	tests/test_operation_scope.py
json	tests/test_operation_scope.py
operation_scope	tests/test_operation_scope.py
os	tests/test_operation_scope.py
pathlib	tests/test_operation_scope.py
tempfile	tests/test_operation_scope.py
unittest	tests/test_operation_scope.py
json	tests/test_operational_store.py
operational_store	tests/test_operational_store.py
pathlib	tests/test_operational_store.py
tempfile	tests/test_operational_store.py
unittest	tests/test_operational_store.py
close_report	tests/test_operations_intelligence.py
datetime	tests/test_operations_intelligence.py
operations_intelligence	tests/test_operations_intelligence.py
pathlib	tests/test_operations_intelligence.py
tempfile	tests/test_operations_intelligence.py
types	tests/test_operations_intelligence.py
unittest	tests/test_operations_intelligence.py
atexit	tests/test_registration_flow.py
auth_store	tests/test_registration_flow.py
os	tests/test_registration_flow.py
re	tests/test_registration_flow.py
tempfile	tests/test_registration_flow.py
unittest	tests/test_registration_flow.py
hashlib	tests/test_serialized_transfer.py
imperium_api	tests/test_serialized_transfer.py
pathlib	tests/test_serialized_transfer.py
serialized_transfer	tests/test_serialized_transfer.py
socket	tests/test_serialized_transfer.py
struct	tests/test_serialized_transfer.py
unittest	tests/test_serialized_transfer.py
decimal	tests/test_stock_inventory.py
pathlib	tests/test_stock_inventory.py
stock_inventory	tests/test_stock_inventory.py
struct	tests/test_stock_inventory.py
unittest	tests/test_stock_inventory.py
re	tests/test_stock_pdf.py
stock_pdf	tests/test_stock_pdf.py
unittest	tests/test_stock_pdf.py
supabase	tests/test_supabase_sdk_compat.py
supabase_auth_store	tests/test_supabase_sdk_compat.py
unittest	tests/test_supabase_sdk_compat.py
datetime	tests/test_technician_directory.py
imperium_api	tests/test_technician_directory.py
json	tests/test_technician_directory.py
pathlib	tests/test_technician_directory.py
technician_directory	tests/test_technician_directory.py
tempfile	tests/test_technician_directory.py
toa_context	tests/test_technician_directory.py
toa_import	tests/test_technician_directory.py
unittest	tests/test_technician_directory.py
csv	tests/test_toa_agenda.py
io	tests/test_toa_agenda.py
toa_agenda	tests/test_toa_agenda.py
unittest	tests/test_toa_agenda.py
app	tests/test_toa_automation.py
pathlib	tests/test_toa_automation.py
tempfile	tests/test_toa_automation.py
threading	tests/test_toa_automation.py
toa_automation	tests/test_toa_automation.py
unittest	tests/test_toa_automation.py
selenium	tests/test_toa_browser.py
toa_browser	tests/test_toa_browser.py
unittest	tests/test_toa_browser.py
ast	tests/test_toa_capture.py
contextlib	tests/test_toa_capture.py
copy	tests/test_toa_capture.py
io	tests/test_toa_capture.py
json	tests/test_toa_capture.py
pathlib	tests/test_toa_capture.py
tempfile	tests/test_toa_capture.py
toa_capture	tests/test_toa_capture.py
unittest	tests/test_toa_capture.py
ast	tests/test_toa_capture_panel.py
pathlib	tests/test_toa_capture_panel.py
toa_capture_panel	tests/test_toa_capture_panel.py
unittest	tests/test_toa_capture_panel.py
toa_cloud_client	tests/test_toa_cloud_client.py
unittest	tests/test_toa_cloud_client.py
json	tests/test_toa_connector.py
pathlib	tests/test_toa_connector.py
tempfile	tests/test_toa_connector.py
toa_connector	tests/test_toa_connector.py
unittest	tests/test_toa_connector.py
dataclasses	tests/test_toa_contract_registry.py
json	tests/test_toa_contract_registry.py
pathlib	tests/test_toa_contract_registry.py
tempfile	tests/test_toa_contract_registry.py
toa_contract_registry	tests/test_toa_contract_registry.py
unittest	tests/test_toa_contract_registry.py
pathlib	tests/test_toa_datalake_store.py
tempfile	tests/test_toa_datalake_store.py
toa_datalake_store	tests/test_toa_datalake_store.py
unittest	tests/test_toa_datalake_store.py
toa_discovery_browser	tests/test_toa_discovery_browser.py
unittest	tests/test_toa_discovery_browser.py
dataclasses	tests/test_toa_import.py
io	tests/test_toa_import.py
pathlib	tests/test_toa_import.py
struct	tests/test_toa_import.py
toa_import	tests/test_toa_import.py
unittest	tests/test_toa_import.py
zipfile	tests/test_toa_import.py
json	tests/test_toa_inventory.py
toa_inventory	tests/test_toa_inventory.py
unittest	tests/test_toa_inventory.py
app	tests/test_toa_live.py
pathlib	tests/test_toa_live.py
selenium	tests/test_toa_live.py
time	tests/test_toa_live.py
toa_browser	tests/test_toa_live.py
toa_capture	tests/test_toa_live.py
toa_live	tests/test_toa_live.py
unittest	tests/test_toa_live.py
app	tests/test_toa_live_lookup.py
datetime	tests/test_toa_live_lookup.py
imperium_api	tests/test_toa_live_lookup.py
json	tests/test_toa_live_lookup.py
pathlib	tests/test_toa_live_lookup.py
tempfile	tests/test_toa_live_lookup.py
threading	tests/test_toa_live_lookup.py
toa_live	tests/test_toa_live_lookup.py
types	tests/test_toa_live_lookup.py
unittest	tests/test_toa_live_lookup.py
toa_local_collector	tests/test_toa_local_collector.py
unittest	tests/test_toa_local_collector.py
app	tests/test_web_auth_config.py
os	tests/test_web_auth_config.py
unittest	tests/test_web_auth_config.py
__future__	toa_agenda.py
collections	toa_agenda.py
csv	toa_agenda.py
datetime	toa_agenda.py
io	toa_agenda.py
openpyxl	toa_agenda.py
pathlib	toa_agenda.py
re	toa_agenda.py
typing	toa_agenda.py
unicodedata	toa_agenda.py
collections	toa_automation.py
datasnap_client	toa_automation.py
datetime	toa_automation.py
json	toa_automation.py
logging	toa_automation.py
pathlib	toa_automation.py
re	toa_automation.py
selenium	toa_automation.py
shutil	toa_automation.py
tempfile	toa_automation.py
threading	toa_automation.py
time	toa_automation.py
typing	toa_automation.py
__future__	toa_bridge_server.py
http	toa_bridge_server.py
json	toa_bridge_server.py
logging	toa_bridge_server.py
threading	toa_bridge_server.py
typing	toa_bridge_server.py
datasnap_client	toa_browser.py
os	toa_browser.py
pathlib	toa_browser.py
selenium	toa_browser.py
subprocess	toa_browser.py
time	toa_browser.py
urllib	toa_browser.py
__future__	toa_capture.py
argparse	toa_capture.py
collections	toa_capture.py
copy	toa_capture.py
dataclasses	toa_capture.py
json	toa_capture.py
pathlib	toa_capture.py
re	toa_capture.py
sys	toa_capture.py
typing	toa_capture.py
unicodedata	toa_capture.py
dataclasses	toa_capture_panel.py
datetime	toa_capture_panel.py
hashlib	toa_capture_panel.py
json	toa_capture_panel.py
pathlib	toa_capture_panel.py
toa_capture	toa_capture_panel.py
typing	toa_capture_panel.py
__future__	toa_cloud_client.py
datasnap_client	toa_cloud_client.py
json	toa_cloud_client.py
os	toa_cloud_client.py
pathlib	toa_cloud_client.py
time	toa_cloud_client.py
typing	toa_cloud_client.py
urllib	toa_cloud_client.py
uuid	toa_cloud_client.py
__future__	toa_connector.py
copy	toa_connector.py
datetime	toa_connector.py
json	toa_connector.py
pathlib	toa_connector.py
re	toa_connector.py
threading	toa_connector.py
toa_capture	toa_connector.py
toa_cloud_client	toa_connector.py
typing	toa_connector.py
unicodedata	toa_connector.py
collections	toa_context.py
datetime	toa_context.py
logging	toa_context.py
operation_scope	toa_context.py
pathlib	toa_context.py
re	toa_context.py
threading	toa_context.py
toa_import	toa_context.py
datetime	toa_contract_registry.py
json	toa_contract_registry.py
os	toa_contract_registry.py
pathlib	toa_contract_registry.py
re	toa_contract_registry.py
threading	toa_contract_registry.py
time	toa_contract_registry.py
typing	toa_contract_registry.py
__future__	toa_datalake_store.py
contextlib	toa_datalake_store.py
datetime	toa_datalake_store.py
hashlib	toa_datalake_store.py
json	toa_datalake_store.py
pathlib	toa_datalake_store.py
re	toa_datalake_store.py
sqlite3	toa_datalake_store.py
threading	toa_datalake_store.py
typing	toa_datalake_store.py
json	toa_discovery_browser.py
pathlib	toa_discovery_browser.py
subprocess	toa_discovery_browser.py
time	toa_discovery_browser.py
urllib	toa_discovery_browser.py
json	toa_discovery_check.py
selenium	toa_discovery_check.py
toa_discovery_browser	toa_discovery_check.py
urllib	toa_discovery_check.py
base64	toa_import.py
collections	toa_import.py
csv	toa_import.py
dataclasses	toa_import.py
datetime	toa_import.py
html	toa_import.py
io	toa_import.py
json	toa_import.py
operation_scope	toa_import.py
pathlib	toa_import.py
re	toa_import.py
struct	toa_import.py
unicodedata	toa_import.py
zipfile	toa_import.py
dataclasses	toa_inventory.py
decimal	toa_inventory.py
json	toa_inventory.py
re	toa_inventory.py
datetime	toa_live.py
json	toa_live.py
logging	toa_live.py
pathlib	toa_live.py
re	toa_live.py
selenium	toa_live.py
threading	toa_live.py
time	toa_live.py
toa_browser	toa_live.py
toa_capture	toa_live.py
typing	toa_live.py
__future__	toa_local_collector.py
datetime	toa_local_collector.py
json	toa_local_collector.py
logging	toa_local_collector.py
re	toa_local_collector.py
threading	toa_local_collector.py
typing	toa_local_collector.py
urllib	toa_local_collector.py
__future__	toa_secondary_session.py
datetime	toa_secondary_session.py
json	toa_secondary_session.py
logging	toa_secondary_session.py
pathlib	toa_secondary_session.py
re	toa_secondary_session.py
subprocess	toa_secondary_session.py
typing	toa_secondary_session.py
urllib	toa_secondary_session.py
__future__	verify_toa_cloud_bridge.py
datasnap_client	verify_toa_cloud_bridge.py
json	verify_toa_cloud_bridge.py
pathlib	verify_toa_cloud_bridge.py
urllib	verify_toa_cloud_bridge.py
